{
  "profile": "16_9",
  "set": 17,
  "patch": "16.13.1",
  "reference": { "width": 3840, "height": 2160 },
  "_note": "ROI 为归一化坐标 (0-1)，从 3840x2160 实机录像标定。top_bar 为每帧 eager 读的时钟骨架。",
  "top_bar": {
    "stage_round": { "x": 0.395833, "y": 0.003704, "w": 0.058594, "h": 0.035648 },
    "countdown":   { "x": 0.558594, "y": 0.003704, "w": 0.046875, "h": 0.035648 }
  }
}
